id,name,model_id:id,group_id:id,perm_read,perm_write,perm_create,perm_unlink

access_car_workshop_user,car.workshop.user,workshop.model_car_workshop,fleet.fleet_group_user,1,0,0,0
access_checklist_user,checklist.user,workshop.model_checklist,fleet.fleet_group_user,1,0,0,0

access_worksheet_stages_user,worksheet.stages.user,workshop.model_worksheet_stages,fleet.fleet_group_user,1,0,0,0
access_material_used_user,material.used.user,workshop.model_material_used,fleet.fleet_group_user,1,0,0,0
access_planned_work_user,planned.work.user,workshop.model_planned_work,fleet.fleet_group_user,1,0,0,0

access_car_workshop_manager,car.workshop.manager,workshop.model_car_workshop,fleet.fleet_group_manager,1,1,1,1
access_worksheet_stages_manager,worksheet.stages.manager,workshop.model_worksheet_stages,fleet.fleet_group_manager,1,1,1,1
access_material_used_manager,material.used.manager,workshop.model_material_used,fleet.fleet_group_manager,1,1,1,1
access_planned_work_manager,planned.work.manager,workshop.model_planned_work,fleet.fleet_group_manager,1,1,1,1
access_checklist_manager,checklist.manager,workshop.model_checklist,fleet.fleet_group_manager,1,1,1,1
access_workshop_tag_manager,workshop_tag.manager,workshop.model_workshop_tag,fleet.fleet_group_manager,1,1,1,1

access_checklist_report_wizard_manager,checklist_report_wizard.manager,workshop.model_checklist_report_wizard,fleet.fleet_group_manager,1,1,1,1

workshop.access_workshop_signature,access_workshop_signature,workshop.model_workshop_signature,base.group_user,1,1,1,1

workshop.access_workshop_car_check,access_workshop_car_check,workshop.model_workshop_car_check,base.group_user,1,1,1,1
workshop.access_workshop_checklist,access_workshop_checklist,workshop.model_workshop_checklist,base.group_user,1,1,1,1
workshop.access_workshop_check_setup,access_workshop_check_setup,workshop.model_workshop_check_setup,base.group_user,1,1,1,1

workshop.access_undeliverable_report_wizard,access_undeliverable_report_wizard,workshop.model_undeliverable_report_wizard,base.group_user,1,1,1,1
workshop.access_worksheet_detail_report_wizard,access_worksheet_detail_report_wizard,workshop.model_worksheet_detail_report_wizard,base.group_user,1,1,1,1
workshop.access_comeback_report_wizard,access_comeback_report_wizard,workshop.model_comeback_report_wizard,base.group_user,1,1,1,1
workshop.access_comeback_job,access_comeback_job,workshop.model_comeback_job,base.group_user,1,1,1,1

workshop.access_in_out_daily,access_in_out_daily,workshop.model_in_out_daily_report_wizard,base.group_user,1,1,1,1

