<?xml version="1.0" encoding="UTF-8" ?>
<odoo>
    <record id="module_category_workshop" model="ir.module.category">
        <field name="name">Workshop</field>
        <field name="description">Category For Workshop</field>
    </record>

    <record id="access_workshop_checklist_group" model="res.groups">
        <field name="name">Workshop Checklist</field>
        <field name="category_id" ref="module_category_workshop"/>
<!--        <field name="implied_ids" eval="[(4, ref('base.group_user'))]"/>-->
<!--        <field name="users" eval="[(4, ref('base.user_root')), (4, ref('base.user_admin'))]"/>-->
    </record>
</odoo>