<?xml version="1.0" encoding="utf-8"?>
<odoo>
    <template id="workshop_portal_my_home" inherit_id="portal.portal_my_home">
        <xpath expr="//div[hasclass('o_portal_docs')]" position="inside">
            <t t-call="portal.portal_docs_entry">
                <t t-set="url">/my/checklists</t>
                <t t-set="title">Checklists</t>
                <t t-set="placeholder_count" t-value="'checklist_count'"/>
            </t>
        </xpath>
    </template>

    <template id="workshop_portal_breadcrumbs" inherit_id="portal.portal_breadcrumbs">
        <xpath expr="//ol[hasclass('o_portal_submenu')]" position="inside">
            <li t-if="page_name == 'checklists_list'" class="breadcrumb-item">Checklists</li>
            <li t-if="page_name == 'checklist_view'" class="breadcrumb-item"><a t-attf-href="/my/checklists">Checklists</a> / <t t-esc="checklist.id" /> / view</li>
        </xpath>
    </template>

    <template id="checklist_portal_list">
        <!-- <t t-call="portal.portal_layout">
            <t t-call="portal.portal_table">
                <thead>
                    <tr>
                        <th class="text-center">Checklist #</th>
                        <th class="text-center">Vehicle</th>
                        <th class="text-center">Date/Time</th>
                        <th class="text-center">Notes</th>
                        <th class="text-center">Data</th>
                    </tr>
                </thead>

                <tbody>
                    <t t-foreach="checklists" t-as="checklist">
                        <tr>
                            <td class="text-center">
                                <a t-attf-href="/my/checklists/#{checklist['id']}">
                                    <t t-out="checklist['checklist']"/>
                                </a>
                            </td>
                            <td class="text-center">
                                <t t-out="checklist['car_id']"/>
                            </td>
                            <td class="text-center">
                                <t t-out="checklist['date_time']"/>
                            </td>
                            <td class="text-center">
                                <t t-out="checklist['notes']"/>
                            </td>
                            <td class="text-center">
                                <t t-out="checklist['car_check']"/>
                            </td>
                        </tr>
                    </t>
                </tbody>         
            </t>
        </t> -->
    </template>

    <template id="checklist_portal_form" inherit_id="portal.portal_sidebar">
        <!-- <t t-call="portal.portal_layout">
            <xpath expr="//div[hasclass('o_portal_sidebar')]" position="inside">
                <t t-if="page_name == 'checklists_form'">
                    
                </t>
            </xpath>
        </t> -->
    </template>

    <template id="portal_checklist_page" name="Checklist Portal Template" inherit_id="portal.portal_sidebar" primary="True">
        <xpath expr="//div[hasclass('o_portal_sidebar')]" position="inside">
           <!-- <t t-set="o_portal_fullwidth_alert" groups="sales_team.group_sale_salesman,workshop.group_workshop_checklist,workshop.group_workshop_readonly">
               <t t-call="portal.portal_back_in_edit_mode">
                   <t t-set="backend_url" t-value="'/web#model=%s&amp;id=%s&amp;action=%s&amp;view_type=form' % (checklist._name, checklist.id, checklist.env.ref('workshop.workshop_checklist_action'))"/>
               </t>
           </t> -->

            <div class="row mt16 o_portal_checklist_sidebar">
                <!-- Sidebar -->
                <t t-call="portal.portal_record_sidebar">
                    <t t-set="classes" t-value="'col-lg-auto d-print-none'"/>

                    <t t-set="entries">
                        <ul class="list-group list-group-flush flex-wrap flex-row flex-lg-column">
                            <li class="list-group-item flex-grow-1">
                                <div class="o_download_pdf btn-toolbar flex-sm-nowrap">
                                    <div class="btn-group  flex-grow-1 mr-1 mb-1">
                                        <!-- <a class="btn btn-secondary btn-block o_download_btn" t-att-href="checklist.get_portal_url(report_type='pdf', download=True)" title="Download"><i class="fa fa-download"/> Download</a> -->
                                        <a t-att-href="'/my/checklists/download/%s' % (checklist.id)" class="btn btn-secondary btn-block o_download_btn text-white">
                                            <i class="fa fa-download"/> Download
                                        </a>
                                    </div>
                                    <!-- <div class="btn-group flex-grow-1 mb-1">
                                        <a class="btn btn-secondary btn-block o_print_btn o_portal_checklist_print" t-att-href="checklist.get_portal_url(report_type='pdf')" id="print_checklist_report" title="Print" target="_blank"><i class="fa fa-print"/> Print</a>
                                        <a t-att-href="'/my/checklists/download/%s' % (checklist.id)" class="btn btn-secondary btn-block o_print_btn o_portal_checklist_print text-white">
                                            <i class="fa fa-print"/> Print
                                        </a>
                                    </div> -->
                                </div>
                            </li>
                            
                        </ul>
                    </t>
                </t>

                <!-- Page Content -->
                <div id="checklist_content" class="col-12 col-lg">
                    <t t-if="error or warning" t-call="checklist.portal_checklist_error"/>
                    <t t-if="success and (not error and not warning)" t-call="checklist.portal_checklist_success"/>

                    <div class="o_portal_html_view shadow p-3">
                        <!-- <iframe id="checklist_html" class="mt8 mb8" width="100%" height="100%" frameborder="0" scrolling="no" t-att-src="checklist.get_portal_url(report_type='html')"/> -->
                        <div id="checklist_html" class="mt8 mb8" width="100%" height="100%">
                            <link
                                rel="stylesheet"
                                type="text/css"
                                href="/workshop/static/src/css/workshop.css"
                            />

                            <div class="row" style="color: gray('700'); font-size: 15px;">
                                <div class="d-flex justify-content-center col-6">
                                    <img t-if="company.logo" style="width: 400px; max-height: 200px; object-fit: contain;" t-att-src="image_data_uri(company.logo)" alt="Logo"/>
                                </div>
                                <div class="d-flex align-items-center col-6">
                                    <div class="col text-left">
                                        <h4 t-field="company.report_header" style="color: #999999; font-weight: 700; text-transform: uppercase; font-size: 1.5rem;"/>
                                        <div name="company_address" class="d-flex align-self-center" style="color: gray('700'); font-size: 15px;">
                                            <div class="" t-if="company.company_details or forced_vat">
                                                <div t-if="company.company_details">
                                                    <span t-esc="company.company_details"/>
                                                </div>
                                                <div t-if="forced_vat">
                                                    <t t-esc="company.country_id.vat_label or 'Tax ID'"/>:
                                                    <span t-esc="forced_vat"/>
                                                </div>
                                            </div>
                                        </div>
                                    </div>
                                </div>
                            </div>

                            <div class="page">
                                <div class="container">
                                    <div style=" display: -webkit-box; -webkit-box-pack: justify; position: relative">
                                        <div class="d-flex">
                                                <t t-if="data['car_id']">
                                                    <div style="display: -webkit-box; -webkit-box-pack: justify">
                                                        <strong style="text-align: right;">မော်တော်ယာဉ် :</strong>
                                                        <div class="" style="text-align: right;">
                                                            <span style="-webkit-align-self: flex-end;" t-esc="data['car_id'][1]"/>
                                                        </div>
                                                    </div>
                                                </t>
                                                <t t-else="">
                                                    <div style="display: -webkit-box; -webkit-box-pack: justify">
                                                        <strong style="text-align: right;">မော်တော်ယာဉ် :</strong>
                                                        <div class="" style="text-align: right;">
                                                            <span style="-webkit-align-self: flex-end;">All Vehicle</span>
                                                        </div>
                                                    </div>
                                                </t>
                            
                                            <div style="position: absolute; bottom: 0; right: 0;">
                                            <div style="display: -webkit-box; -webkit-box-pack: justify">
                                                <strong style="text-align: right;">နေ့စွဲ :</strong>
                                                    <div class="" style="text-align: center;">
                                                    <t t-if="data['car_checklist']">
                                                        <span t-esc="data['car_checklist'][1]"/>
                                                    </t>
                                                    </div>
                                            </div>
                                            </div>
                                        </div>
                                    </div>
                                </div>
                        
                                <div class="container">
                                    <div class="d-flex justify-content-center align-items-center col-12" style="display: -webkit-box; -webkit-box-align: center;">
                                        <div class="col-4"></div>
                                        <div class="d-flex justify-content-center col-4">
                                          <strong class="py-2" style="text-align: center;">စစ်ဆေးချက်မှတ်တမ်း</strong>
                                        </div>
                                        <div class="col-4"></div>
                                    </div>

                                    <table class="table table-sm table-bordered" style="width: 100% !important; height: 100mm !important;">
                                        <thead>
                                            <tr>
                                            <th class="text-center">စဉ်</th>
                                            <th class="text-center col-2" style="width: 320px !important;">အမည်</th>
                                            <th class="text-center" style="width: 120px !important;">ရှိ</th>
                                            <th class="text-center" style="width: 120px !important;">မရှိ</th>
                                            <th class="text-center" style="width: 120px !important;">ကောင်း</th>
                                            <th class="text-center" style="width: 120px !important;">မကောင်း</th>
                                            <th class="text-center" style="width: 320px !important;">မှတ်ချက်</th>
                                            </tr>
                                        </thead>
                                
                                        <tbody>
                                            <t t-foreach="lines['check']" t-as="line" >
                                            <tr>
                                                <td>
                                                    <span t-esc="line_index + 1"/>
                                                </td>

                                                <td>
                                                    <span t-esc="line.get('name')"/>
                                                </td>
                                
                                                <td class="text-center">
                                                    <t t-if="line.get('exists') == True">
                                                    <i class="fa fa-check"></i>
                                                    </t>
                                                </td>
                                
                                                <td class="text-center">
                                                <t t-if="line.get('exists') == False">
                                                    <i class="fa fa-check"></i>
                                                </t>
                                            </td>
                                
                                                <td class="text-center">
                                                    <t t-if="line.get('working') == True">
                                                        <i class="fa fa-check"></i>
                                                    </t>
                                                </td>
                                
                                                <td class="text-center">
                                                    <t t-if="line.get('working') == False">
                                                    <i class="fa fa-check"></i>
                                                    </t>
                                                </td>
                                
                                                <td class="text-center">
                                                <span t-esc="line.get('remark')"/>
                                                </td>
                                            </tr>
                                            </t>
                                        </tbody>
                                    </table>
                                </div>
                        
                                <div class="container">
                                    <t t-set="notes" t-value="lines['notes']"/>
                                    <div class="d-flex">
                                    <strong>အခြားပြစ်ချက်များ :</strong>
                                    </div>
                                    <div class="d-flex pt-2">
                                        <t t-if="notes">
                                            <p class="col-12 border-bottom"><span t-esc="notes"/></p>
                                        </t>
                                        <t t-else="">
                                        <p class="col-12 border-bottom"></p>
                                        </t>
                                    </div>
                                </div>
                                
                                <div class="d-flex justify-content-around col-12 p-0">
                                    <t t-set="sign_data" t-value="lines['sign']"/>
                                    <div class="d-flex justify-content-start col-6">
                                    <div style="width: 200px">
                                        <div style="text-align: center;">
                                        <span style="text-decoration: none;">စစ်ဆေးသူ</span>
                                        </div>
                                        <img
                                        t-if="sign_data"
                                        t-att-src="'data:image/png;base64,%s' % to_text(sign_data)"
                                        alt="Signature"
                                        id="signature_image"
                                        />
                                    </div>
                                    </div>
                        
                                    <t t-set="owner_sign_data" t-value="lines['owner_sign']"/>
                                    <div class="d-flex justify-content-end col-6">
                                    <div style="width: 200px">
                                        <div style="text-align: center;">
                                        <span style="text-decoration: none;">ယာဉ်ပိုင်ရှင်</span>
                                        </div>
                                        <img
                                        t-if="owner_sign_data"
                                        t-att-src="'data:image/png;base64,%s' % to_text(owner_sign_data)"
                                        alt="Signature"
                                        id="signature_image"
                                        />
                                    </div>
                                    </div>
                                </div>
                            </div>
                        </div>
                    </div>

                    <!-- chatter -->
                    <!-- <div id="checklist_communication" class="mt-4">
                        <h2>History</h2>
                        <t t-call="portal.message_thread">
                            <t t-set="object" t-value="checklist"/>
                        </t>
                    </div> -->
                </div>
            </div>
        </xpath>
    </template>
</odoo>